Origin,Dest,Distance,Predicted_Delay
IND,BWI,515,22
IND,LAS,1591,37
IND,MCO,828,59
IND,PHX,1489,41
IND,TPA,838,13
ISP,BWI,220,46
ISP,FLL,1093,18
ISP,MCO,972,25
ISP,MDW,765,43
ISP,PBI,1052,32
JAN,BWI,888,46
JAN,HOU,359,33
JAN,MCO,587,58
JAN,MDW,666,0
JAX,BHM,365,49
JAX,BNA,484,26
JAX,HOU,816,38
JAX,PHL,742,5
JAX,TPA,180,34
LAS,ABQ,487,56
LAS,ALB,2237,33
LAS,AMA,758,54
LAS,AUS,1090,36
LAS,BDL,2298,48
LAS,BNA,1588,59
LAS,BOI,520,28
LAS,BUF,1987,14
LAS,BUR,223,57
LAS,BWI,2106,56
LAS,CMH,1772,30
LAS,DEN,629,14
LAS,ELP,584,1
LAS,GEG,806,40
LAS,HOU,1235,8
LAS,IAD,2066,56
LAS,IND,1591,11
LAS,ISP,2283,52
LAS,LAX,236,2
LAS,LBB,775,2
LAS,MAF,796,57
LAS,MCI,1140,60
LAS,MDW,1521,0
LAS,MSY,1501,27
LAS,OAK,407,14
LAS,OMA,1099,9
LAS,ONT,197,1
LAS,ORF,2155,33
LAS,PDX,762,52
LAS,PHL,2176,19
LAS,PHX,256,43
LAS,PIT,1910,21
LAS,PVD,2363,19
LAS,RDU,2027,3
LAS,RNO,345,47
LAS,SAN,258,33
LAS,SAT,1069,20
LAS,SDF,1624,50
LAS,SFO,414,59
LAS,SJC,386,16
LAS,SLC,368,16
LAS,SMF,397,3
LAS,SNA,226,12
LAS,STL,1372,4
LAS,TPA,1984,31
LAS,TUL,1076,14
LAS,TUS,365,6
LAX,ABQ,677,15
LAX,BNA,1797,9
LAX,ELP,714,34
LAX,HOU,1390,4
LAX,LAS,236,20
LAX,MCI,1363,57
LAX,MDW,1750,11
LAX,OAK,337,59
LAX,PHX,370,30
LAX,SFO,337,14
LAX,SJC,308,16
LAX,SLC,590,44
LAX,SMF,373,35
LAX,TUS,451,52
LBB,AUS,341,19
LBB,DAL,293,34
LIT,BWI,912,50
LIT,DAL,296,35
LIT,MDW,544,21
LIT,STL,296,13
MAF,ABQ,332,17
MAF,AUS,294,19
MAF,DAL,319,12
MAF,HOU,441,5
MCI,BNA,491,52
MCI,BWI,967,6
MCI,DAL,461,28
MCI,DEN,533,18
MCI,IND,451,17
MCI,LAS,1140,46
MCI,LAX,1363,3
MCI,MCO,1072,58
MCI,MDW,405,13
MCI,OKC,313,23
MCI,PDX,1481,28
MCI,PHX,1044,34
MCI,SEA,1489,25
MCI,STL,237,42
MCI,TUL,223,13
MCO,ABQ,1552,16
MCO,ALB,1073,6
MCO,BDL,1050,41
MCO,BHM,478,47
MCO,BNA,616,34
MCO,BWI,787,5
MCO,CLE,895,29
MCO,CMH,802,35
MCO,DTW,957,59
MCO,FLL,178,4
MCO,HOU,848,56
MCO,IAD,758,35
MCO,IND,828,48
MCO,ISP,972,12
MCO,JAN,587,28
MCO,MCI,1072,33
MCO,MDW,989,41
MCO,MHT,1142,20
MCO,ORF,655,16
MCO,PHL,861,32
MCO,PHX,1848,58
MCO,RSW,133,51
MCO,SDF,718,58
MCO,STL,880,27
MDW,ABQ,1121,27
MDW,ALB,717,48
MDW,AUS,972,40
MDW,BDL,777,28
MDW,BHM,570,31
MDW,BNA,395,33
MDW,BUF,468,55
MDW,BWI,611,52
MDW,CLE,307,25
MDW,CMH,284,50
MDW,DEN,895,26
MDW,DTW,229,30
MDW,FLL,1166,14
MDW,HOU,937,8
MDW,IAD,577,41
MDW,IND,162,32
MDW,ISP,765,27
MDW,JAN,666,11
MDW,LAS,1521,58
MDW,LAX,1750,8
MDW,LIT,544,30
MDW,MCI,405,9
MDW,MCO,989,7
MDW,MHT,838,21
MDW,OAK,1844,16
MDW,OMA,423,14
MDW,ORF,704,52
MDW,PDX,1751,11
MDW,PHL,668,42
MDW,PHX,1444,32
MDW,PIT,402,52
MDW,PVD,842,50
MDW,RDU,632,18
MDW,RNO,1680,13
MDW,RSW,1105,9
MDW,SAN,1728,7
MDW,SAT,1036,47
MDW,SDF,271,60
MDW,SEA,1733,37
MDW,SFO,1855,22
MDW,SJC,1838,56
MDW,SLC,1258,13
MDW,SMF,1790,60
MDW,STL,251,44
MDW,TPA,997,43
MDW,TUS,1440,56
MHT,BWI,377,60
MHT,LAS,2356,28
MHT,MCO,1142,56
MHT,MDW,838,32
MHT,PHL,290,48
MHT,TPA,1204,59
MSY,BHM,321,35
MSY,BWI,998,59
MSY,DAL,437,6
MSY,HOU,303,53
MSY,MDW,825,15
MSY,PHX,1301,48
MSY,TPA,487,39
OAK,ABQ,889,30
OAK,BNA,1959,22
OAK,BOI,511,54
OAK,BUR,325,42
OAK,DEN,957,34
OAK,GEG,723,59
OAK,HOU,1642,28
OAK,LAS,407,2
OAK,LAX,337,14
OAK,MCI,1489,43
OAK,MDW,1844,17
OAK,ONT,361,40
OAK,PDX,543,48
OAK,PHX,646,30
OAK,RNO,180,30
OAK,SAN,446,31
OAK,SEA,671,27
OAK,SLC,588,29
OAK,SNA,371,6
OKC,DEN,495,4
OKC,HOU,419,41
OKC,MCI,313,24
OKC,PHX,833,30
OKC,STL,462,46
OMA,MDW,423,19
OMA,PHX,1037,54
OMA,STL,342,55
ONT,BNA,1751,46
ONT,LAS,197,30
ONT,OAK,361,0
ONT,PHX,325,54
ONT,SJC,333,49
ONT,SMF,389,47
ORF,BWI,159,5
ORF,JAX,543,48
ORF,LAS,2155,23
ORF,MCO,655,56
ORF,TPA,717,36
PBI,BWI,883,9
PBI,ISP,1052,57
PBI,TPA,174,50
PDX,ABQ,1111,53
PDX,BOI,344,6
PDX,GEG,279,17
PDX,LAS,762,25
PDX,MDW,1751,53
PDX,OAK,543,34
PDX,PHX,1009,31
PDX,RNO,444,27
PDX,SJC,569,20
PDX,SLC,630,5
PDX,SMF,479,45
PHL,MCO,861,5
PHL,MDW,668,20
PHL,MHT,290,52
PHL,PIT,267,6
PHL,PVD,238,4
PHL,RDU,336,22
PHL,TPA,920,1
PHX,ABQ,328,33
PHX,BNA,1448,36
PHX,BUR,369,50
PHX,BWI,1999,20
PHX,DEN,602,42
PHX,DTW,1671,60
PHX,ELP,347,29
PHX,HOU,1020,5
PHX,IND,1489,59
PHX,LAS,256,18
PHX,LAX,370,8
PHX,MCI,1044,55
PHX,OAK,646,5
PHX,OKC,833,48
PHX,OMA,1037,55
PHX,ONT,325,54
PHX,PDX,1009,4
PHX,PHL,2075,13
PHX,RNO,601,13
PHX,SAN,304,23
PHX,SAT,843,27
PHX,SEA,1107,13
PHX,SJC,621,4
PHX,SLC,507,54
PHX,SMF,647,8
PHX,SNA,338,31
PHX,TUL,935,34
PIT,BWI,210,35
PIT,MCO,834,29
PIT,MDW,402,11
PIT,PHL,267,16
PVD,BWI,328,52
PVD,PHL,238,19
RDU,BNA,443,59
RDU,BWI,255,51
RDU,MCO,534,32
RDU,MDW,632,7
RDU,PHL,336,30
RDU,TPA,587,34
RNO,BOI,335,10
RNO,LAS,345,4
RNO,LAX,390,59
RNO,OAK,180,14
RNO,PDX,444,34
RNO,PHX,601,20
RNO,SAN,488,54
RNO,SEA,564,5
RNO,SJC,188,23
RNO,SLC,422,57
RSW,BWI,919,29
RSW,MDW,1105,27
SAN,ABQ,628,3
SAN,AUS,1164,22
SAN,BNA,1751,6
SAN,ELP,636,34
SAN,LAS,258,56
SAN,MCI,1333,38
SAN,MDW,1728,9
SAN,OAK,446,15
SAN,PHX,304,45
SAN,RNO,488,58
SAN,SFO,447,28
SAN,SJC,417,12
SAN,SMF,480,60
SAN,TUS,367,18
SAT,BWI,1407,60
SAT,DAL,248,1
SAT,ELP,496,31
SAT,HOU,192,46
SAT,HRL,233,38
SAT,LAS,1069,60
SAT,MDW,1036,50
SAT,PHX,843,20
SDF,BHM,323,25
SDF,BWI,495,41
SDF,LAS,1624,1
SDF,MDW,271,26
SDF,STL,254,6
SEA,ABQ,1180,16
SEA,BOI,399,27
SEA,DEN,1024,41
SEA,GEG,224,31
SEA,LAS,866,48
SEA,MCI,1489,34
SEA,MDW,1733,9
SEA,OAK,671,25
SEA,PHX,1107,58
SEA,RNO,564,2
SEA,SJC,697,5
SEA,SLC,689,39
SEA,SMF,605,3
SFO,LAS,414,9
SFO,LAX,337,48
SFO,MDW,1855,51
SFO,SAN,447,48
SJC,BUR,296,20
SJC,LAS,386,25
SJC,LAX,308,8
SJC,ONT,333,17
SJC,PDX,569,56
SJC,PHX,621,59
SJC,RNO,188,57
SJC,SAN,417,2
SJC,SEA,697,54
SJC,SNA,342,25
SLC,ABQ,493,34
SLC,BOI,291,49
SLC,BWI,1864,34
SLC,DEN,391,57
SLC,GEG,546,24
SLC,LAS,368,22
SLC,LAX,590,4
SLC,MDW,1258,8
SLC,OAK,588,43
SLC,PDX,630,34
SLC,PHX,507,56
SLC,SEA,689,31
SLC,STL,1156,39
SMF,BUR,358,33
SMF,LAS,397,23
SMF,LAX,373,49
SMF,MDW,1790,43
SMF,ONT,389,24
SMF,PDX,479,4
SMF,PHX,647,37
SMF,SAN,480,44
SMF,SEA,605,2
SMF,SNA,404,24
SNA,LAS,226,22
SNA,OAK,371,38
SNA,SJC,342,22
SNA,SMF,404,42
STL,BHM,410,9
STL,BWI,737,3
STL,CMH,410,37
STL,DAL,546,22
STL,DTW,440,48
STL,HOU,687,10
STL,LAS,1372,54
STL,LAX,1593,22
STL,LIT,296,30
STL,MCI,237,41
STL,MCO,880,2
STL,MDW,251,15
STL,OMA,342,39
STL,PHX,1262,14
STL,SDF,254,0
STL,SLC,1156,56
STL,TPA,869,12
STL,TUL,351,56
TPA,ABQ,1497,50
TPA,ALB,1130,16
TPA,BDL,1111,38
TPA,BHM,460,57
TPA,BUF,1054,11
TPA,BWI,842,19
TPA,CMH,829,51
TPA,DEN,1506,28
TPA,FLL,197,33
TPA,HOU,781,24
TPA,IAD,810,37
TPA,ISP,1034,15
TPA,JAX,180,17
TPA,MDW,997,45
TPA,MHT,1204,45
TPA,PBI,174,16
TPA,PHL,920,0
TPA,PIT,873,59
TPA,PVD,1137,28
TPA,RDU,587,13
TPA,SAT,972,4
TPA,SDF,727,34
TUL,DAL,237,3
TUL,HOU,453,49
TUL,MCI,223,53
TUL,PHX,935,55
TUS,ABQ,321,22
TUS,LAS,365,47
TUS,LAX,451,25
TUS,MDW,1440,14
TUS,SAN,367,51
ABQ,AMA,277,51
ABQ,DAL,580,16
ABQ,DEN,349,36
ABQ,HOU,759,23
ABQ,LAS,487,56
ABQ,LAX,677,37
ABQ,LBB,289,20
ABQ,MCI,718,42
ABQ,MCO,1552,6
ABQ,OAK,889,47
ABQ,PHX,328,22
ABQ,SAN,628,22
AMA,DAL,324,42
AMA,DEN,358,47
AUS,BNA,756,2
AUS,DAL,189,55
AUS,HOU,148,28
AUS,LAS,1090,30
AUS,MDW,972,2
AUS,TPA,928,57
BHM,DAL,587,11
BHM,MCO,478,25
BNA,BDL,852,58
BNA,BHM,177,43
BNA,BWI,588,11
BNA,CMH,338,48
BNA,JAX,484,3
BNA,LAS,1588,38
BNA,LAX,1797,23
BNA,MCO,616,15
BNA,MDW,395,12
BNA,ONT,1751,3
BNA,PHX,1448,2
BNA,RDU,443,32
BNA,TPA,612,47
BOI,GEG,287,6
BOI,LAS,520,5
BOI,OAK,511,45
BOI,PDX,344,46
BUF,BWI,281,4
BUF,LAS,1987,3
BUR,LAS,223,11
BUR,OAK,325,0
BUR,PHX,369,25
BUR,SJC,296,46
BUR,SMF,358,5
BWI,BNA,588,42
BWI,BUF,281,26
BWI,DEN,1491,43
BWI,ISP,220,47
BWI,MHT,377,21
BWI,ORF,159,31
BWI,PVD,328,19
BWI,RDU,255,16
BWI,SLC,1864,32
CMH,MDW,284,57
CRP,HOU,187,16
DAL,ABQ,580,59
DAL,AMA,324,35
DAL,AUS,189,15
DAL,BHM,587,11
DAL,ELP,562,22
DAL,HOU,239,60
DAL,MAF,319,53
DAL,MCI,461,1
DAL,MSY,437,31
DAL,SAT,248,46
DAL,STL,546,31
DEN,ABQ,349,23
DEN,BWI,1491,27
DEN,HOU,883,50
DEN,LAS,629,48
DEN,MCI,533,0
DEN,MDW,895,5
DEN,OAK,957,7
DEN,OKC,495,28
DEN,PHX,602,8
DEN,SEA,1024,41
DEN,SLC,391,39
DEN,TPA,1506,49
ELP,AUS,528,53
ELP,DAL,562,27
ELP,HOU,677,15
ELP,LAS,584,27
ELP,LAX,714,10
ELP,LBB,295,8
ELP,PHX,347,38
ELP,SAT,496,2
FLL,JAX,318,42
FLL,MCO,178,4
FLL,MDW,1166,41
FLL,STL,1056,34
FLL,TPA,197,1
GEG,BOI,287,37
GEG,LAS,806,13
GEG,OAK,723,17
GEG,SEA,224,35
GEG,SLC,546,8
HOU,AUS,148,60
HOU,BNA,670,24
HOU,DAL,239,52
HOU,ELP,677,12
HOU,HRL,276,48
HOU,JAN,359,56
HOU,LAX,1390,45
HOU,LIT,393,10
HOU,MCO,848,12
HOU,MDW,937,51
HOU,MSY,303,52
HOU,PHL,1335,27
HOU,PHX,1020,10
HOU,SAT,192,8
HRL,HOU,276,43
IAD,MDW,577,27
LAS,MCO,2039,8
LAS,OKC,987,26
LAX,AUS,1242,40
LAX,RNO,390,53
LAX,SAT,1210,2
LAX,STL,1593,52
MAF,LAS,796,32
MCO,LAS,2039,12
MCO,PVD,1073,31
MSY,MCO,550,13
OKC,DAL,181,10
PBI,PHL,951,36
PHL,HOU,1335,9
PHL,JAX,742,32
PHL,RSW,992,12
PHX,AUS,872,53
PHX,LIT,1136,45
PHX,MDW,1444,18
PHX,STL,1262,37
PHX,TPA,1788,16
PVD,MCO,1073,23
RSW,ISP,1101,21
SAN,BWI,2295,17
SAT,LAX,1210,28
SNA,PHX,338,60
STL,FLL,1056,40
TPA,BNA,612,15
ABQ,ELP,223,37
ABQ,MAF,332,44
ABQ,PDX,1111,27
ABQ,SEA,1180,23
ABQ,SLC,493,16
ABQ,TUS,321,18
ALB,BWI,288,40
ALB,LAS,2237,10
AUS,BWI,1342,49
BDL,BNA,852,50
BDL,BWI,283,57
BDL,MCO,1050,23
BHM,MDW,570,28
BNA,FLL,793,36
BNA,HOU,670,55
BNA,MCI,491,2
BNA,OAK,1959,53
BOI,RNO,335,50
BOI,SEA,399,47
BOI,SLC,291,32
BUF,MDW,468,41
BUF,TPA,1054,27
BWI,ABQ,1670,3
BWI,ALB,288,1
BWI,BDL,283,42
BWI,DTW,408,1
BWI,FLL,925,3
BWI,JAX,663,59
BWI,LAS,2106,54
BWI,MCI,967,11
BWI,MCO,787,1
BWI,PBI,883,52
BWI,SAN,2295,26
DAL,LIT,296,23
DAL,OKC,181,25
DAL,TUL,237,0
DEN,AMA,358,32
DEN,BNA,1013,12
DEN,MCO,1545,29
DTW,BNA,457,33
DTW,BWI,408,30
DTW,PHX,1671,30
FLL,BNA,793,30
FLL,BWI,925,19
FLL,ISP,1093,29
FLL,PVD,1188,17
GEG,PDX,279,34
HOU,BWI,1246,34
HOU,CRP,187,43
HOU,DEN,883,16
HOU,FLL,957,56
HOU,JAX,816,36
HOU,SAN,1312,34
IND,MDW,162,15
JAX,BWI,663,19
JAX,FLL,318,36
LAS,SEA,866,14
MCI,OAK,1489,17
MCO,BUF,1011,42
MCO,DEN,1545,34
MCO,MSY,550,0
MHT,PHX,2279,54
OAK,TUS,747,34
PHX,BHM,1455,60
PHX,MCO,1848,29
PIT,LAS,1910,54
PIT,PHX,1813,35
PVD,MDW,842,46
RSW,MCO,133,14
SAN,HOU,1312,38
SLC,RNO,422,28
STL,CLE,487,19
TPA,LAS,1984,14
TPA,MSY,487,32
ABQ,TPA,1497,31
ALB,MDW,717,15
AUS,ELP,528,39
AUS,PHX,872,55
AUS,SAN,1164,56
BHM,HOU,570,33
BHM,TPA,460,9
BNA,CLE,448,24
BNA,PHL,675,8
BWI,CLE,314,39
BWI,CMH,336,60
BWI,LIT,912,29
BWI,PIT,210,40
CLE,MDW,307,13
CMH,LAS,1772,52
DAL,LBB,293,57
DTW,MDW,229,3
HOU,ABQ,759,2
HOU,MAF,441,17
HOU,OAK,1642,46
HOU,STL,687,21
HOU,TPA,781,24
HOU,TUL,453,17
LAS,MHT,2356,43
MCO,RDU,534,42
MDW,MSY,825,6
OMA,LAS,1099,18
ORF,MDW,704,21
PHL,FLL,992,23
SAT,BNA,822,17
SAT,TPA,972,13
BHM,SDF,323,53
BNA,AUS,756,18
BUF,PHX,1912,46
BWI,MDW,611,1
BWI,STL,737,47
HOU,BHM,570,42
IND,JAX,688,48
JAX,ORF,543,32
MCI,SAN,1333,13
PHX,BUF,1912,39
PHX,MHT,2279,17
PHX,PIT,1813,24
PHX,PVD,2277,35
PHX,RDU,1891,4
PHX,SDF,1506,60
PVD,PHX,2277,55
SDF,MCO,718,27
STL,OKC,462,15
BNA,DEN,1013,53
BNA,SAT,822,23
BWI,TPA,842,56
CLE,BNA,448,39
CLE,BWI,314,57
CMH,BWI,336,57
CMH,TPA,829,38
HOU,LAS,1235,35
HOU,OKC,419,21
LAS,BHM,1618,4
LAS,CLE,1825,31
MSY,LAS,1501,39
SAT,MCO,1040,25
BWI,IND,515,5
BWI,PHX,1999,14
BWI,RSW,919,24
BWI,SDF,495,44
CLE,STL,487,60
DEN,AUS,775,26
MSY,FLL,673,27
PDX,MCI,1481,23
SDF,TPA,727,29
AUS,DEN,775,23
BHM,BNA,177,60
BHM,BWI,682,27
BHM,MSY,321,56
BNA,DTW,457,47
BNA,MSY,471,44
BNA,PVD,907,19
BNA,SAN,1751,41
BWI,HOU,1246,50
CMH,BNA,338,15
DTW,MCO,957,37
FLL,PHL,992,14
MCI,ABQ,718,36
MCI,SMF,1442,55
MCO,AUS,993,51
PHL,PHX,2075,59
TPA,MCI,1048,40
TUL,STL,351,8
BDL,TPA,1111,45
BNA,SEA,1977,12
BWI,BHM,682,5
CMH,PHL,405,58
CMH,PHX,1671,33
IND,MCI,451,50
ISP,LAS,2283,15
PHL,BNA,675,29
PHL,CMH,405,45
PHL,LAS,2176,55
PHL,PBI,951,28
PVD,BNA,907,20
PVD,FLL,1188,51
PVD,TPA,1137,57
RSW,PHL,992,3
TPA,IND,838,32
AUS,MAF,294,30
CMH,MCO,802,49
MCO,SAT,1040,30
RNO,MDW,1680,44
ALB,MCO,1073,18
BUF,MCO,1011,21
BWI,SAT,1407,49
CLE,MCO,895,22
ELP,ABQ,223,43
FLL,HOU,957,26
IAD,MCO,758,30
IAD,TPA,810,19
ISP,TPA,1034,23
SJC,MDW,1838,53
TPA,ORF,717,21
TPA,PHX,1788,19
TPA,STL,869,5
TUS,OAK,747,50
BWI,MSY,998,3
FLL,MSY,673,35
OKC,LAS,987,31
PVD,LAS,2363,4
AUS,LAX,1242,21
AUS,MCO,993,46
BHM,STL,410,40
BWI,JAN,888,52
TPA,AUS,928,52
BHM,JAX,365,36
ABQ,STL,934,54
AUS,LBB,341,18
BDL,MDW,777,43
BHM,PHX,1455,1
BWI,AUS,1342,49
BWI,OKC,1180,44
DTW,STL,440,49
HRL,SAT,233,25
IAD,LAS,2066,10
LBB,ABQ,289,7
LIT,HOU,393,55
MCI,TPA,1048,45
RDU,LAS,2027,57
AUS,HRL,273,9
HRL,AUS,273,57
PHX,MSY,1301,15
SDF,PHX,1506,6
SEA,BNA,1977,50
BHM,LAS,1618,57
CLE,LAS,1825,16
SAN,SAT,1129,37
SAT,SAN,1129,44
CMH,STL,410,48
ELP,SAN,636,16
STL,ABQ,934,22
MCO,PIT,834,46
MSY,BNA,471,39
TUL,LAS,1076,37
LBB,LAS,775,15
LIT,LAS,1295,12
AMA,LAS,758,42
LBB,ELP,295,34
ABQ,MDW,1121,16
AMA,ABQ,277,26
ORD,CVG,264,36
ATL,BHM,134,3
CVG,DFW,812,29
CVG,DEN,1069,52
DEN,CVG,1069,56
ATL,MSP,906,32
BNA,ATL,214,56
ATL,GSP,153,2
CVG,ORD,264,0
BUF,ATL,712,7
ATL,BNA,214,2
MKE,MSP,297,12
MSP,MKE,297,47
MKE,BDL,780,14
BDL,MKE,780,0
MKE,MSN,74,20
PHL,MKE,690,13
MKE,PHL,690,29
MKE,PIT,431,46
MCI,CMH,633,5
MKE,OMA,426,55
MCI,MSN,386,25
MKE,RDU,689,39
RDU,MKE,689,49
MKE,BWI,641,60
BWI,MKE,641,31
EWR,MKE,725,40
MKE,EWR,725,58
MCI,AUS,650,56
AUS,MCI,650,28
SUN,SLC,223,54
SLC,SUN,223,42
SGU,SLC,269,26
SLC,SGU,269,14
SLC,TWF,175,36
SLC,SBA,615,40
SLC,ELP,693,54
SLC,IDA,188,8
SLC,OMA,839,52
SLC,TUS,601,45
MSO,SLC,436,37
SLC,BZN,347,28
SLC,RAP,508,27
BZN,SLC,347,46
SJC,SLC,585,19
SLC,SJC,585,42
SLC,SLE,628,48
SLC,MSO,436,9
SLC,SMF,532,17
SMF,SLC,532,34
GTF,SLC,463,45
BIL,SLC,387,0
SLC,BIL,387,12
SLC,BUR,574,30
SLC,PSP,541,7
PSP,SLC,541,51
TUL,SLC,926,1
SLC,LGB,589,12
OMA,SLC,839,28
SLC,COS,410,39
SLC,GTF,463,54
BUR,SLC,574,36
ATL,MEM,332,53
SLC,JAC,205,7
SLC,ASE,291,50
SFO,SLC,599,48
BHM,SLC,1472,16
SLC,SFO,599,16
CMH,SLC,1529,21
SLC,FCA,532,9
HDN,SLC,251,48
SLC,CLE,1565,20
IAH,SLC,1195,54
BNA,SLC,1403,57
SLC,PSC,521,46
DFW,SLC,988,19
ASE,SLC,291,58
MSP,SLC,991,22
SLC,BNA,1403,27
JAC,SLC,205,32
SLC,AUS,1085,3
SLC,DFW,988,40
SLC,MKE,1246,8
CLE,SLC,1565,31
ONT,SLC,558,44
SLC,ONT,558,52
LAX,SAN,109,44
SAN,LAX,109,12
LAX,SNA,36,21
SNA,LAX,36,33
SFO,ACV,250,50
SFO,SBA,262,37
SBP,LAX,155,10
LAX,PSP,110,50
FAT,LAX,209,39
SMF,SFO,86,19
SFO,SMF,86,28
SFO,RDD,199,54
LAX,FAT,209,44
EUG,PDX,106,26
PDX,EUG,106,10
PSP,LAS,173,44
MOD,SFO,78,40
SFO,MOD,78,0
LAX,MOD,292,57
MOD,LAX,292,47
LAS,PSP,173,8
LEX,ORD,323,45
ORD,LEX,323,6
FSD,ORD,462,18
BTV,ORD,763,39
ORD,BTV,763,40
OMA,ORD,416,14
ORD,CLE,316,12
ORD,ROA,531,8
ROA,ORD,531,35
ORD,SDF,286,40
SDF,ORD,286,24
DEN,FCA,753,6
CLE,ORD,316,44
ORD,CHS,760,11
DFW,ORD,802,44
ASE,LAX,737,20
ORD,FSD,462,49
ORD,PIT,412,35
PIT,ORD,412,7
MEM,ORD,491,37
FAR,DEN,627,51
ASE,ORD,1013,35
BOI,ORD,1437,27
ORD,PIA,130,40
XNA,ORD,522,27
SFO,BUR,326,36
ORD,ASE,1013,11
ORD,COS,911,28
COS,DEN,72,10
DEN,LNK,423,21
BHM,ORD,584,17
DEN,BZN,525,58
MKE,ORD,67,18
DEN,GUC,152,29
GUC,DEN,152,6
BZN,ORD,1186,5
ORD,BOI,1437,48
AZO,ORD,122,18
ORD,AZO,122,13
TVC,ORD,224,59
ORD,TVC,224,23
ORD,MSN,109,15
ORD,OKC,693,60
ORD,IAH,925,17
AUS,ORD,978,13
ORD,SAV,773,41
COS,ORD,911,41
ORD,ORF,717,25
ORF,ORD,717,12
BHM,DEN,1082,41
ORD,TUL,585,55
TUL,ORD,585,21
SFO,PSP,421,58
CRW,ORD,416,5
ORD,CRW,416,0
ORD,ATW,160,53
ASE,DEN,125,14
ORD,TYS,475,55
TYS,ORD,475,60
ORD,AVP,631,9
FAR,ORD,557,50
ORD,FAR,557,36
SAV,ORD,773,47
ICT,ORD,588,6
DEN,GJT,212,42
GJT,DEN,212,53
ORD,MEM,491,57
ORD,MCI,403,18
PIA,ORD,130,19
ORD,ABE,654,3
DEN,MSN,826,56
ORD,AUS,978,50
IND,ORD,177,49
HDN,ORD,1009,11
ORD,XNA,522,4
SGF,ORD,438,50
MSN,ORD,109,46
CID,ORD,196,10
DTW,ORD,235,20
ORD,MLI,139,60
MLI,DEN,751,29
ORD,OMA,416,48
DRO,DEN,251,47
CHS,ORD,760,25
ORD,GRR,137,45
OKC,LAX,1187,33
ORD,MKE,67,54
DEN,PIA,793,51
MLI,ORD,139,28
DSM,ORD,299,15
ORD,DSM,299,1
ATW,ORD,160,5
GRB,ORD,174,10
ORD,GRB,174,17
FWA,ORD,157,8
LAX,DFW,1235,12
ORD,BHM,584,49
IAH,DEN,861,4
DAY,DEN,1084,43
DEN,DAY,1084,2
DEN,ASE,125,29
BOI,SFO,522,24
SFO,ONT,363,28
LNK,DEN,423,5
SFO,TUS,751,15
PSP,SFO,421,21
ONT,SFO,363,3
ORD,SAT,1041,22
SFO,BOI,522,20
FCA,DEN,753,11
SFO,EUG,451,3
SFO,ABQ,896,11
ORD,CWA,213,45
ORD,SLC,1249,53
LNK,ORD,466,53
BZN,DEN,525,47
ORD,SGF,438,2
LAX,COS,833,13
COS,LAX,833,5
BOI,LAX,674,7
IDA,DEN,458,23
DEN,IDA,458,3
DEN,BIS,517,31
MKE,DEN,895,8
SFO,RNO,192,31
DEN,GTF,624,14
MSN,DEN,826,15
DEN,HSV,1048,37
HSV,DEN,1048,45
ORD,LNK,466,41
DEN,HDN,142,6
HDN,DEN,142,12
RNO,SFO,192,9
DEN,MEM,872,32
DEN,SGF,637,28
BIL,DEN,455,36
DEN,BIL,455,8
CWA,ORD,213,35
DEN,TYS,1162,60
DEN,MFR,964,33
MFR,DEN,964,43
MEM,DEN,872,58
DEN,BHM,1082,51
DEN,BOI,649,5
GTF,DEN,624,21
DEN,COS,72,42
DEN,MLI,751,19
DEN,SBA,916,13
TUS,DEN,639,17
BNA,ORD,409,22
CID,DEN,692,17
FAT,DEN,844,20
SAT,ORD,1041,54
ORD,LAN,179,56
CLE,DEN,1201,33
DEN,ELP,563,30
ELP,DEN,563,58
DEN,MSO,679,3
MSO,DEN,679,0
PSC,DEN,853,27
DEN,PSC,853,8
DEN,MKE,895,32
ORD,SYR,607,56
SYR,ORD,607,2
SBA,DEN,916,46
MCI,SAT,706,8
PIT,MKE,431,40
MKE,CMH,331,22
CMH,MCI,633,34
OMA,MKE,426,30
COS,MCI,538,60
SLC,YUM,580,47
IDA,SLC,188,15
COS,ATL,1185,10
SLC,GJT,217,58
ATL,XNA,589,5
SLC,OKC,866,44
FAT,SLC,501,42
RAP,SLC,508,11
SLC,TUL,926,50
YUM,SLC,580,27
RDM,SLC,526,46
SLC,FAT,501,13
SLC,SBP,608,14
ATL,MKE,669,36
XNA,ATL,589,9
GJT,SLC,217,58
LGB,SLC,589,45
COS,SLC,410,49
SLC,RDM,526,0
MEM,ATL,332,11
SLC,SNA,588,32
SLC,SAT,1086,34
SLC,IAH,1195,45
SAT,SLC,1086,5
SAN,SLC,626,44
MCI,SLC,919,51
SLC,MCI,919,58
SLC,HDN,251,60
SLC,SAN,626,43
SLC,LIT,1156,7
LIT,SLC,1156,20
MTJ,SLC,268,49
SLC,MTJ,268,13
SFO,SBP,191,30
SFO,MRY,77,47
LAX,SBP,155,23
SFO,BFL,238,3
RDD,SFO,199,17
MFR,SFO,329,23
LAX,SBA,89,45
FAT,SFO,158,26
SFO,MFR,329,27
SBA,SFO,262,25
RDM,SFO,462,59
CLD,LAX,86,25
SEA,PDX,129,22
RDM,PDX,116,19
PDX,SEA,129,56
ORD,HDN,1009,29
ORD,DFW,802,40
LAX,ASE,737,43
ORD,CID,196,24
ORD,SBN,84,41
SBN,ORD,84,52
HPN,ORD,738,44
ORD,ICT,588,53
ORD,BNA,409,20
SPI,ORD,174,35
ORD,SPI,174,49
ORD,FWA,157,50
DEN,DRO,251,12
MBS,ORD,222,23
ORD,MBS,222,36
DEN,TUL,541,52
TUL,DEN,541,38
FSD,DEN,483,30
DEN,TUS,639,12
DEN,CID,692,36
BOI,DEN,649,15
ORD,BZN,1186,35
LAN,ORD,179,43
XNA,DEN,616,31
DEN,XNA,616,16
SGF,DEN,637,58
TYS,DEN,1162,12
SAT,DEN,794,41
ATL,COS,1185,55
SAT,MCI,706,7
MCI,PIT,773,22
PIT,MCI,773,18
CMH,MKE,331,38
MSN,MCI,386,13
MCI,COS,538,58
SLC,PIH,150,31
TWF,SLC,175,36
SNA,SLC,588,55
DSM,SLC,955,30
ORD,ATL,606,3
SLC,YKM,586,43
SLC,DRO,338,51
ATL,ORD,606,10
SLC,MSP,991,9
AUS,SLC,1085,9
ONT,LAX,47,6
SBP,SFO,191,35
SFO,FAT,158,43
MRY,SFO,77,21
LAX,SMX,135,3
SMX,LAX,135,56
ACV,SFO,250,51
SBA,LAX,89,22
BFL,SFO,238,2
PDX,MFR,222,35
CEC,ACV,56,2
FAT,LAS,258,50
LAS,FAT,258,11
SFO,CEC,304,35
CIC,SFO,153,34
SFO,CIC,153,39
MFR,PDX,222,51
SMF,ACV,207,24
CEC,SFO,304,31
SFO,RDM,462,32
ORD,IND,177,59
BUR,SFO,326,8
SNA,SFO,372,36
EUG,SFO,451,37
SFO,COS,963,19
ABQ,SFO,896,29
PMD,SFO,316,2
SFO,PMD,316,33
ICT,LAX,1203,27
DEN,CLE,1201,45
DEN,PSP,776,6
DEN,FAR,627,11
MSP,ATL,906,48
EKO,SLC,200,6
SLC,EKO,200,13
FAR,SLC,865,22
HOU,ATL,696,53
BFL,SLC,534,13
FCA,SLC,532,37
SLC,FAR,865,6
SLC,BHM,1472,9
LAX,MRY,267,25
MRY,LAX,267,32
BFL,LAX,109,53
LAX,BFL,109,15
IYK,LAX,123,50
LAX,IYK,123,7
PSP,LAX,110,47
LAX,ONT,47,8
LAX,OXR,49,27
OXR,LAX,49,37
LAX,SGU,348,9
SGU,LAX,348,21
LAX,YUM,237,20
YUM,LAX,237,48
IPL,LAX,181,30
YUM,IPL,58,3
LAX,CLD,86,15
PDX,RDM,116,11
IPL,YUM,58,46
LAX,IPL,181,32
PSP,DEN,776,55
DFW,LAX,1235,11
LAX,OKC,1187,59
LAX,BOI,674,41
BUR,DEN,850,0
DEN,BUR,850,24
DEN,EUG,997,37
EUG,DEN,997,33
DEN,RFD,829,15
DEN,FAT,844,55
RDD,SMF,131,27
ASE,SFO,848,47
PIH,SLC,150,40
CPR,SLC,320,36
SLC,CPR,320,30
DRO,SLC,338,2
TUS,SLC,601,5
SLC,BFL,534,22
BTM,SLC,357,52
HLN,SLC,402,7
SLC,HLN,402,2
MFR,SLC,575,0
ELP,SLC,693,49
MRY,SLC,607,16
SLC,MRY,607,39
PSC,SLC,521,43
SLC,MFR,575,44
SBA,SLC,615,41
SLC,BLI,757,56
BLI,SLC,757,10
SLC,BTM,357,32
SLC,PIT,1659,44
DTW,SLC,1481,49
SLC,DTW,1481,32
SLC,ORD,1249,52
SLC,MSY,1428,29
PIT,SLC,1659,39
SBA,SJC,234,38
SJC,SBA,234,48
ACV,SMF,207,29
ACV,CEC,56,42
DEN,ICT,419,33
DSM,DEN,589,7
DEN,BFL,845,30
CAK,ORD,344,29
ORD,CAK,344,22
MCI,ORD,403,51
DAY,ORD,240,46
ORD,DAY,240,35
SFO,SNA,372,10
RFD,DEN,829,55
DEN,FSD,483,0
SFO,ASE,848,59
SFO,BZN,807,8
BZN,SFO,807,6
DFW,CVG,812,23
COD,SLC,298,3
SLC,COD,298,49
OKC,SLC,866,36
SLE,SLC,628,42
SLC,EUG,619,56
SLC,DSM,955,44
LWS,SLC,461,27
EUG,SLC,619,2
SLC,XNA,1004,50
SLC,FSD,804,2
SBP,SLC,608,25
FSD,SLC,804,57
SLC,CMH,1529,33
MSY,SLC,1428,51
DEN,RAP,301,55
DEN,GRR,1014,4
GRR,DEN,1014,19
ICT,DEN,419,29
AVP,ORD,631,37
ORD,DTW,235,47
LAX,PDX,834,8
ABE,ORD,654,22
OKC,ORD,693,43
RAP,DEN,301,27
ATL,BUF,712,55
MKE,ATL,669,59
MKE,CLT,651,3
ATL,HOU,696,10
GRR,ORD,137,15
IAH,ORD,925,8
DEN,OMA,472,1
PDX,LAX,834,54
SEA,LAX,954,27
COS,SFO,963,0
DEN,IAH,861,1
BIS,DEN,517,38
GSP,ATL,153,43
MSN,MKE,74,51
SLC,CDC,221,2
CDC,SLC,221,24
BMI,ORD,116,3
ORD,BMI,116,10
ORD,HPN,738,18
GJT,ORD,1100,12
DEN,MRY,960,35
ATL,STL,483,44
STL,ATL,483,35
MTJ,LAX,666,44
LAX,ICT,1203,29
YKM,SLC,586,10
TUS,SFO,751,15
LAX,SEA,954,48
CLT,MKE,651,39
SLC,LWS,461,27
ATL,MTJ,1352,44
MTJ,ATL,1352,20
DEN,DSM,589,25
XNA,LEX,549,45
BUR,TUS,453,60
MFR,MOD,343,43
PIA,DEN,793,40
LAX,MTJ,666,18
SMF,SBA,310,2
BOI,PIT,1849,51
ORD,HNL,4243,27
HNL,ORD,4243,17
ORD,CLT,599,49
KOA,ORD,4213,31
OGG,KOA,84,23
ORD,OGG,4184,49
SFO,JFK,2586,23
JFK,SFO,2586,21
ORD,JAC,1162,26
LAX,JFK,2475,50
JFK,LAX,2475,13
DEN,SFO,967,27
SFO,OGG,2338,2
OGG,SFO,2338,13
MCO,SFO,2445,32
SFO,LIH,2447,37
DEN,ATL,1199,51
HNL,DEN,3365,0
CLT,DEN,1337,25
DEN,HNL,3365,48
LAX,IAD,2288,6
OGG,LAX,2486,49
LAX,DEN,862,33
LAX,OGG,2486,26
IAD,LAX,2288,28
DEN,SJC,948,12
KOA,SFO,2367,10
SFO,EWR,2565,4
LAX,KOA,2504,23
SFO,ORD,1846,11
SEA,SFO,679,24
SFO,KOA,2367,11
KOA,LAX,2504,17
DEN,SAT,794,60
LIH,SFO,2447,37
SFO,SEA,679,54
MSP,DEN,680,18
LAX,MCO,2217,21
LIH,LAX,2615,39
LAX,LIH,2615,12
LAX,ORD,1745,47
OGG,DEN,3303,58
DEN,OGG,3303,24
HNL,SFO,2398,38
SFO,HNL,2398,44
SFO,IAD,2419,11
PDX,SFO,550,56
LAX,HNL,2556,34
HNL,LAX,2556,10
DEN,LAX,862,13
MDT,ORD,594,3
EWR,SFO,2565,21
EWR,LAX,2454,24
LAX,EWR,2454,10
DEN,SAN,853,38
PHL,DEN,1557,14
SJC,DEN,948,40
ORD,LAX,1745,35
OMA,DEN,472,16
DEN,BOS,1754,38
ORD,ALB,723,22
OAK,IAD,2408,50
IAD,ORD,589,22
JAX,ORD,865,57
ORD,SEA,1721,14
ORD,MSP,334,2
SMF,ORD,1781,41
OAK,ORD,1835,46
ORD,JAX,865,29
STL,DEN,770,59
BUF,ORD,473,24
ORD,PHL,678,30
LGA,ORD,733,45
RIC,ORD,642,36
ORD,SFO,1846,14
MSP,ORD,334,32
ATL,SFO,2139,14
ORD,RDU,647,21
BOS,DEN,1754,25
DEN,IAD,1452,45
DEN,SNA,846,21
ORD,OAK,1835,1
LAX,BOS,2611,47
BOS,LAX,2611,40
CMH,ORD,296,20
BOS,SFO,2704,47
SFO,BOS,2704,22
ORD,RIC,642,39
DEN,PIT,1290,35
SFO,PHL,2521,31
PHL,SFO,2521,51
IAD,SFO,2419,23
LAX,PHL,2401,10
PHL,LAX,2401,58
IAD,SEA,2306,55
BWI,ORD,622,44
ORD,BOS,867,14
PHL,ORD,678,45
SEA,ORD,1721,43
BOS,IAD,413,59
PDX,IAD,2327,42
DEN,CMH,1155,48
SEA,IAD,2306,28
PDX,DEN,992,0
IAD,PDX,2327,13
MSY,IAD,954,42
SMF,IAD,2358,40
IAD,SAN,2253,31
ALB,ORD,723,34
SAN,IAD,2253,45
IAD,RDU,224,47
SJC,IAD,2400,8
IAD,SJC,2400,15
RDU,IAD,224,10
ORD,PVD,849,47
ORD,DEN,888,57
DEN,ORD,888,12
EGE,DEN,121,44
ORD,BUF,473,45
DEN,DFW,641,56
ORD,ROC,528,47
DEN,STL,770,2
SNA,DEN,846,49
BOS,ORD,867,52
MSY,ORD,837,48
SAT,SFO,1482,14
DEN,PHL,1557,26
JAC,DEN,406,20
RDU,ORD,647,41
ORD,IAD,589,5
ORD,EWR,719,56
PIT,DEN,1290,8
MCO,LAX,2217,57
SFO,SAT,1482,11
EWR,ORD,719,40
BWI,LAX,2329,6
SFO,ATL,2139,56
PVD,ORD,849,13
IAD,OAK,2408,13
IAD,SMF,2358,59
SFO,MCO,2445,20
SFO,BWI,2457,47
BWI,SFO,2457,57
IAD,DEN,1452,43
IND,DEN,977,7
LAX,BWI,2329,42
CMH,DEN,1155,11
IAD,BDL,326,40
LGA,DEN,1619,59
DFW,DEN,641,32
SFO,DEN,967,11
ROC,ORD,528,26
ORD,PDX,1739,37
ORD,CMH,296,50
DEN,EGE,121,35
ORD,BWI,622,57
SFO,PDX,550,0
CLT,ORD,599,36
ORD,SAN,1723,16
DEN,PDX,992,50
ORD,SJC,1829,30
GEG,ORD,1498,55
ORD,GSO,590,49
BDL,ORD,783,4
DEN,LGA,1619,38
LAX,MSY,1671,9
ORD,MSY,837,35
DEN,JAC,406,9
DTW,DEN,1123,19
SAN,DEN,853,4
DEN,MSP,680,40
ORD,SNA,1726,42
ATL,DEN,1199,9
JAC,ORD,1162,13
SFO,AUS,1504,6
DEN,SMF,910,27
IAH,SFO,1635,7
SFO,IAH,1635,51
ORD,SMF,1781,15
ORD,MDT,594,12
ORD,BDL,783,46
DEN,CLT,1337,22
DEN,EWR,1605,43
IAD,BOS,413,56
GEG,DEN,836,42
SNA,ORD,1726,49
SAN,ORD,1723,13
SMF,DEN,910,57
SFO,DFW,1464,16
PDX,ORD,1739,53
MSY,LAX,1671,8
MHT,ORD,843,22
IAD,MSY,954,34
DEN,DCA,1476,19
BDL,IAD,326,15
SJC,ORD,1829,44
ORD,GEG,1498,4
EWR,DEN,1605,13
DFW,SFO,1464,22
RDU,DEN,1436,37
DEN,DTW,1123,8
ORD,LGA,733,23
GSO,ORD,590,57
ORD,DCA,612,58
DCA,ORD,612,13
ORD,STL,258,33
DEN,IND,977,52
AUS,SFO,1504,13
ORD,MHT,843,57
DCA,DEN,1476,11
DEN,GEG,836,15
ABQ,IAD,1628,40
IAD,ABQ,1628,11
DEN,RDU,1436,25
IAD,LGA,229,48
LGA,IAD,229,24
PHX,IAD,1956,24
IAD,PHX,1956,19
IAD,STT,1605,8
SJU,IAD,1571,10
STT,SJU,68,12
LAX,JAC,784,50
JAC,LAX,784,50
MCO,ORD,1005,48
ORD,MCO,1005,4
ORD,FLL,1182,35
FLL,ORD,1182,43
MTJ,DEN,197,18
DEN,MTJ,197,3
SEA,HNL,2677,56
KOA,DEN,3329,44
SAN,HNL,2614,59
SJU,ORD,2072,22
ORD,STT,2116,32
MIA,IAD,921,23
ORD,TPA,1012,51
RNO,DEN,804,6
ONT,DEN,819,1
DEN,FLL,1703,50
DEN,ONT,819,29
PHX,SFO,651,54
DEN,MIA,1709,10
MSY,DEN,1062,35
DEN,MSY,1062,52
IAD,FLL,901,50
PHX,ORD,1440,6
MIA,DEN,1709,56
LAS,ORD,1515,26
ORD,LAS,1515,37
TPA,ORD,1012,38
DEN,RNO,804,17
FLL,DEN,1703,55
ORD,PHX,1440,23
PBI,ORD,1144,22
SFO,PHX,651,53
FLL,IAD,901,11
ORD,PBI,1144,23
IAD,SJU,1571,16
ORD,SJU,2072,10
ALB,CLT,646,48
ANC,PHX,2551,7
ATL,LAS,1747,49
ATL,PHX,1587,32
BOS,CLT,728,12
BUF,CLT,546,25
BUF,DCA,296,10
BWI,CLT,361,3
CLT,ABE,481,2
CLT,ALB,646,2
CLT,BDL,644,34
CLT,BNA,329,36
CLT,BOS,728,2
CLT,BUF,546,42
CLT,BWI,361,38
CLT,DCA,331,29
CLT,DFW,936,26
CLT,EWR,529,57
CLT,FLL,631,3
CLT,IAH,913,24
CLT,IND,428,3
CLT,LAS,1916,28
CLT,LAX,2125,23
CLT,LGA,544,52
CLT,MCI,809,56
CLT,MCO,468,54
CLT,MIA,650,11
CLT,MSY,651,2
CLT,ORF,290,53
CLT,PBI,590,27
CLT,PHX,1774,20
CLT,RDU,130,8
CLT,RIC,256,1
CLT,RSW,600,49
CLT,SEA,2279,46
CLT,SJU,1474,43
CLT,STT,1520,1
CLT,TPA,508,14
DCA,CLT,331,57
DCA,FLL,899,24
DCA,MCO,759,22
DCA,PBI,857,21
DCA,SYR,298,26
DCA,TPA,814,56
DFW,CLT,936,15
DFW,PHL,1302,40
EWR,CLT,529,46
FLL,DCA,899,38
GEG,PHX,1020,3
HNL,PHX,2917,26
IAH,CLT,913,49
IND,CLT,428,5
JAX,DCA,634,39
JFK,PHX,2153,30
LAS,CLT,1916,50
LAS,EWR,2227,10
LAS,MSP,1300,9
LAX,PIT,2136,7
LGA,CLT,544,48
MCO,CLT,468,38
MHT,CLT,737,5
MSP,CLT,930,15
MSP,PHX,1276,27
MSY,CLT,651,37
PBI,LAS,2158,60
PHL,ATL,665,34
PHL,BOS,280,30
PHL,CLT,448,60
PHL,DFW,1302,23
PHL,RIC,198,12
PHX,ATL,1587,34
PHX,CLE,1737,48
PHX,CMH,1671,14
PHX,HNL,2917,42
PHX,KOA,2860,12
PHX,MSP,1276,50
PIT,CLT,366,4
RDU,PHX,1891,57
RIC,CLT,256,12
RIC,PHL,198,24
RSW,CLT,600,21
SYR,CLT,603,23
TPA,DCA,814,44
ANC,LAS,2304,32
ATL,PHL,665,27
BDL,CLT,644,47
BOS,DCA,399,26
BOS,PHL,280,25
BOS,PHX,2300,49
BOS,PIT,496,26
BOS,SJU,1674,32
BUF,PHL,279,46
CHS,CLT,168,1
CLE,PHX,1737,37
CLT,CHS,168,24
CLT,DTW,500,34
CLT,IAD,321,47
CLT,JAX,329,11
CLT,MDT,413,39
CLT,MSP,930,1
CLT,MYR,156,40
CLT,PHL,448,1
CLT,PIT,366,27
CLT,PVD,683,4
CLT,ROC,573,28
CLT,SAV,213,46
CLT,SYR,603,52
DCA,BOS,399,17
DCA,BUF,296,33
DCA,JAX,634,10
DCA,LGA,214,23
EWR,LAS,2227,2
EWR,PHX,2133,33
FLL,CLT,631,14
FLL,LAS,2174,26
FLL,PHX,1972,31
FLL,PIT,994,0
IAD,CLT,321,38
IAH,PHX,1009,54
JAX,CLT,329,6
JFK,LAS,2248,60
LAS,ANC,2304,58
LAS,DFW,1055,31
LAS,JFK,2248,52
LIH,PHX,2979,40
MCI,CLT,809,16
MCO,DCA,759,21
MKE,PHX,1460,27
MYR,CLT,156,14
OGG,PHX,2845,7
ORF,CLT,290,14
PBI,CLT,590,56
PBI,DCA,857,21
PHL,DCA,119,53
PHL,MIA,1013,53
PHL,SAN,2369,3
PHL,SEA,2378,49
PHL,SJU,1576,27
PHX,BOS,2300,16
PHX,CLT,1774,43
PHX,DFW,868,27
PHX,EWR,2133,20
PHX,FLL,1972,57
PHX,JFK,2153,19
PHX,OGG,2845,49
PVD,CLT,683,45
RDU,CLT,130,53
SAN,PHL,2369,7
SAV,CLT,213,14
SFO,PIT,2254,46
SJU,BOS,1674,9
SJU,CLT,1474,3
SJU,PHL,1576,59
STT,CLT,1520,30
TPA,CLT,508,38
ATL,CLT,227,43
BOS,LAS,2381,7
BWI,PHL,90,33
CLT,ATL,227,12
CLT,MHT,737,53
CLT,SAN,2077,8
CLT,SFO,2296,59
DTW,CLT,500,39
KOA,PHX,2860,2
LAS,BOS,2381,57
LAS,DCA,2089,22
LAS,FLL,2174,47
LAS,PBI,2158,21
LGA,DCA,214,46
MIA,CLT,650,44
MIA,PHL,1013,38
MSY,PHL,1088,28
PHL,DTW,453,5
PHL,MSY,1088,26
PHL,STT,1605,42
PHL,SYR,228,19
PHX,BOI,735,14
PIT,SFO,2254,30
ROC,CLT,573,50
RSW,DCA,892,21
SFO,CLT,2296,19
STT,PHL,1605,49
BOI,PHX,735,57
DFW,LAS,1055,14
LAS,DTW,1750,16
LAS,MIA,2175,15
LAX,CLT,2125,37
PHL,PDX,2406,9
PHX,TUS,110,37
PIT,LAX,2136,13
ALB,PHL,212,23
BOS,LGA,185,24
DCA,PHX,1979,52
DCA,PVD,357,21
DCA,RSW,892,43
DTW,LAS,1750,42
LGA,BOS,185,0
PHL,BUF,279,54
PHX,ANC,2551,13
SEA,PHL,2378,34
STX,CLT,1562,28
TUS,PHX,110,0
DCA,MSY,969,46
MSP,LAS,1300,46
PHX,IAH,1009,9
LAS,ATL,1747,35
PHX,DCA,1979,52
PHX,GEG,1020,36
PIT,FLL,994,5
SEA,CLT,2279,29
MSY,DCA,969,6
SAN,CLT,2077,5
DCA,LAS,2089,38
DFW,PHX,868,18
SYR,PHL,228,45
BDL,PHL,196,0
BDL,DCA,313,0
CLT,CLE,430,39
DCA,BDL,313,23
LGA,PIT,335,35
PHL,BDL,196,1
PHL,BWI,90,15
PIT,LGA,335,49
PVD,DCA,357,35
CLT,ILM,185,47
ILM,CLT,185,46
PIT,RSW,966,50
PIT,TPA,873,14
PHL,IND,587,29
ALB,DCA,318,55
SYR,DCA,298,38
DCA,ALB,318,59
PHL,ALB,212,59
STL,CLT,575,0
CLE,CLT,430,30
PHX,LIH,2979,5
PHX,MKE,1460,16
DTW,PHL,453,37
BDL,PHX,2213,1
BNA,CLT,329,54
CLT,EGE,1455,47
PHX,BDL,2213,56
ISP,RSW,1101,53
ALB,TPA,1130,3
ATL,MIA,595,38
CVG,TPA,773,22
ATL,RDU,356,32
PIT,ATL,526,21
EWR,SLC,1968,56
ATL,TPA,406,13
ATL,JFK,760,33
MCO,ATL,403,6
LAX,ATL,1946,59
ATL,LAX,1946,60
ATL,SAT,874,60
JFK,ATL,760,15
CVG,ATL,373,11
ATL,DCA,547,14
ATL,SJU,1547,39
ATL,LGA,761,34
LGA,ATL,761,56
ATL,BWI,576,48
ATL,SRQ,445,34
ATL,IAD,533,44
ATL,BOS,946,34
ATL,SAV,215,17
SEA,ATL,2182,23
ATL,FLL,581,43
ATL,JAX,270,37
CVG,LAS,1678,14
BWI,ATL,576,32
ANC,SLC,2125,37
ATL,SDF,321,28
ATL,ELP,1282,47
ATL,SEA,2182,1
CVG,LGA,585,38
ATL,CVG,373,4
BOS,FLL,1237,32
ATL,MCO,403,16
ATL,MCI,692,42
ATL,RSW,515,19
MIA,ATL,595,14
ATL,OAK,2130,38
FLL,BOS,1237,6
ATL,DAY,432,32
ATL,BDL,859,28
BDL,ATL,859,49
ATL,LIT,453,2
ATL,SLC,1589,57
ATL,RIC,481,19
ATL,PBI,545,5
IND,ATL,432,28
ATL,CLE,554,51
RDU,ATL,356,54
OAK,ATL,2130,11
MSY,ATL,425,60
ATL,ROC,749,18
ATL,LEX,303,21
ATL,JAN,341,29
ATL,MSY,425,3
PBI,ATL,545,45
ATL,EWR,745,52
JAX,ATL,270,29
AUS,ATL,813,51
ATL,CHS,259,11
ATL,DFW,732,0
ATL,PNS,272,3
ATL,HSV,151,54
ATL,CAE,191,47
ATL,ORF,516,24
VPS,ATL,264,28
SAV,ATL,215,54
TPA,ATL,406,53
SLC,PHL,1926,46
ATL,MLB,443,8
ATL,TYS,152,30
IAH,ATL,689,31
SFO,CVG,2036,6
MCO,JFK,944,16
JFK,TPA,1005,30
DCA,ATL,547,10
SLC,JFK,1989,28
JFK,SAN,2446,7
SLC,ATL,1589,52
MCI,ATL,692,57
JFK,BOS,187,41
FLL,CVG,932,11
CVG,CMH,116,49
SAT,ATL,874,38
CVG,SAN,1865,5
IAD,ATL,533,56
DCA,SLC,1851,54
ATL,MOB,302,22
EWR,ATL,745,14
ATL,SMF,2092,47
PHL,SLC,1926,36
SRQ,ATL,445,52
SDF,ATL,321,23
BOS,MCO,1121,56
BOS,ATL,946,50
DFW,ATL,732,27
ATL,AUS,813,14
BOS,JFK,187,8
ORF,ATL,516,46
ATL,IND,432,19
LAS,CVG,1678,0
ATL,PIT,526,50
CVG,SLC,1449,16
ATL,TUS,1541,55
SLC,FLL,2083,52
ATL,DTW,594,31
HNL,ATL,4502,30
ELP,ATL,1282,40
JFK,FLL,1069,30
ATL,ONT,1900,29
TUS,ATL,1541,1
TPA,CVG,773,16
CVG,DCA,411,57
PNS,ATL,272,17
CLT,SLC,1727,44
CVG,LAX,1900,57
DAB,ATL,366,45
ATL,DAB,366,9
ONT,ATL,1900,53
ATL,SAN,1891,38
LEX,ATL,303,56
MCO,BOS,1121,42
ATL,IAH,689,43
LIT,ATL,453,36
SAN,ATL,1891,21
CAE,ATL,191,53
GSO,ATL,306,58
LGA,CVG,585,55
CVG,FLL,932,17
CVG,BDL,661,18
RNO,ATL,1993,29
CVG,MCO,756,38
CVG,SFO,2036,37
CHS,ATL,259,6
LGA,RSW,1080,22
DAY,ATL,432,53
CLE,ATL,554,40
DCA,CVG,411,37
ATL,HNL,4502,26
RIC,ATL,481,32
SLC,BOS,2105,53
HSV,ATL,151,2
SLC,CVG,1449,4
BHM,ATL,134,13
ATL,SNA,1919,14
BDL,FLL,1173,55
LAX,BDL,2527,47
ATL,RNO,1993,40
PIT,CVG,256,49
FLL,ATL,581,20
ATL,ABQ,1269,9
ATL,JAC,1572,8
JAC,ATL,1572,2
BDL,CVG,661,10
RSW,CVG,879,7
ATL,GPT,352,24
GPT,ATL,352,37
TYS,ATL,152,47
SLC,EWR,1968,58
ATL,VPS,264,37
SMF,ATL,2092,43
MCO,CVG,756,5
ATL,TLH,223,39
CVG,BOS,752,52
ATL,HDN,1340,27
HDN,ATL,1340,38
BOS,SLC,2105,31
CVG,RSW,879,10
SNA,ATL,1919,16
FLL,LGA,1076,59
PHX,CVG,1569,16
LAX,FLL,2342,4
PBI,LGA,1035,50
SLC,HNL,2994,37
LGA,FLL,1076,32
TPA,JFK,1005,30
MCO,LGA,950,16
LGA,MCO,950,7
LGA,TPA,1011,17
JFK,MCO,944,38
JFK,SLC,1989,29
FLL,JFK,1069,34
DEN,JFK,1626,8
SLC,TPA,1887,50
MCO,SLC,1929,20
JFK,MIA,1090,60
ATL,SJC,2116,40
RSW,BDL,1180,9
SLC,MCO,1929,30
FLL,BDL,1173,38
BDL,LAX,2527,31
BDL,PBI,1133,51
CVG,ABQ,1240,42
PBI,BOS,1197,35
LAX,TPA,2158,22
BOS,PBI,1197,36
TPA,LGA,1011,34
LGA,PBI,1035,45
EGE,ATL,1312,2
LAX,CVG,1900,54
STT,ATL,1599,32
ATL,PDX,2172,25
OGG,SLC,2936,15
STT,JFK,1623,26
SAN,CVG,1865,8
SJU,ATL,1547,28
BOS,CVG,752,12
MLB,ATL,443,51
SJC,ATL,2116,47
ABQ,ATL,1269,2
PDX,ATL,2172,23
JFK,HDN,1749,4
HNL,SLC,2994,36
BOS,RSW,1249,47
RSW,BOS,1249,27
RDU,SLC,1823,48
SLC,RDU,1823,55
RDU,CVG,390,56
BDL,RSW,1180,56
RSW,LGA,1080,60
PBI,BDL,1133,6
RSW,ATL,515,36
FLL,LAX,2342,10
TPA,SLC,1887,25
SLC,DCA,1851,55
IAD,SLC,1827,49
DTW,ATL,594,46
TPA,LAX,2158,37
SLC,CLT,1727,31
JFK,CVG,589,49
CMH,CVG,116,24
ROC,ATL,749,17
PDX,CVG,1975,10
ATL,GSO,306,0
CVG,PDX,1975,4
CVG,PHX,1569,20
CVG,SEA,1964,15
PHF,ATL,508,59
SLC,IAD,1827,30
SLC,ANC,2125,7
CVG,PIT,256,60
BOS,TPA,1185,28
SLC,OGG,2936,43
JFK,SJU,1597,56
SJU,JFK,1597,1
ATL,CMH,446,56
JAN,ATL,341,37
ATL,EGE,1312,1
MIA,JFK,1090,50
PDX,JFK,2454,10
ATL,STT,1599,2
SEA,CVG,1964,9
CVG,BWI,430,42
FLL,SLC,2083,51
JFK,SEA,2421,5
CMH,ATL,446,13
LGA,MSY,1183,28
ATL,MCN,79,49
ATL,VLD,208,51
ATL,SBN,566,24
ATL,PVD,903,38
ATL,AVL,164,2
TUL,ATL,674,19
HPN,ATL,780,34
MFE,ATL,974,60
CAK,CVG,214,13
CVG,CAK,214,58
ATL,BTR,449,11
ATL,CSG,83,32
ATL,TRI,227,39
OKC,ATL,761,25
ATL,HPN,780,16
ATL,ILM,377,5
ATL,SWF,784,8
MDT,ATL,619,24
ATL,BQK,238,56
ATL,CRW,363,49
CVG,PHL,507,46
PHL,CVG,507,3
ATL,OKC,761,5
CRW,ATL,363,7
SHV,ATL,552,59
ATL,OMA,821,18
MGM,ATL,147,1
ATL,MYR,317,57
PFN,ATL,247,25
ATL,ABE,692,26
ABE,ATL,692,4
CAK,ATL,528,60
GRR,ATL,640,24
ATL,CHA,106,6
CHA,ATL,106,59
ATL,TUL,674,35
ATL,ICT,781,49
ATL,MEI,267,53
FAY,ATL,331,18
ATL,SYR,793,29
SYR,ATL,793,8
MEM,CVG,403,43
CVG,MEM,403,7
ATL,MGM,147,49
ATL,DSM,743,32
DSM,ATL,743,58
AGS,ATL,143,26
ROA,ATL,357,15
ATL,AVP,714,41
MOB,ATL,302,16
ATL,ALB,852,46
MLI,ATL,633,47
ATL,FAY,331,21
ATL,EWN,433,38
ATL,MLI,633,45
CVG,AVL,275,35
ATL,CAK,528,7
BTR,ATL,449,11
CAE,LGA,617,32
FWA,ATL,508,4
DCA,JAN,860,22
ICT,ATL,781,46
ATL,SCE,615,53
BGR,ATL,1134,59
GNV,ATL,300,30
JAN,DCA,860,20
PVD,ATL,903,16
ABY,ATL,146,15
ATL,CRP,876,19
ATL,LFT,503,57
ATL,MHT,952,39
ATL,DHN,171,6
DHN,ATL,171,43
AVL,ATL,164,48
EVV,ATL,350,25
ATL,EYW,646,25
ATL,SGF,563,59
ATL,MDT,619,20
FNT,ATL,644,59
TRI,ATL,227,12
OAJ,ATL,399,31
ATL,EVV,350,15
ATL,SHV,552,52
ATL,PFN,247,25
CVG,CAE,404,34
LAN,CVG,258,15
CAE,CVG,404,58
ATL,GNV,300,12
PIA,ATL,564,26
ATW,ATL,765,22
ATL,BMI,533,13
AEX,ATL,500,59
OMA,ATL,821,12
CID,ATL,694,37
ATL,ROA,357,45
ATL,PHF,508,3
ATL,MSN,707,57
MSN,ATL,707,26
TUL,CVG,646,8
SWF,ATL,784,6
ATL,FNT,644,12
EWN,ATL,433,56
ATL,AGS,143,3
MEI,ATL,267,20
CRP,ATL,876,25
ATL,PWM,1027,13
PWM,ATL,1027,39
GRK,ATL,803,44
ATL,ABY,146,56
ATL,AEX,500,27
ILM,ATL,377,35
ATL,GRR,640,32
ATL,CHO,457,1
GTR,ATL,241,56
ALB,ATL,852,14
ATL,OAJ,399,40
LFT,ATL,503,24
LYH,ATL,389,2
ATL,MFE,974,28
ATL,ATW,765,24
HHH,ATL,239,51
EYW,ATL,646,42
VLD,ATL,208,19
MYR,ATL,317,56
FSD,ATL,954,11
ATL,FSM,579,10
ATL,PIA,564,54
ATL,GRK,803,27
ATL,FWA,508,56
CSG,ATL,83,25
GRB,ATL,774,40
GRB,CVG,416,11
CVG,GRB,416,39
MHT,ATL,952,46
ISP,ATL,795,3
AVP,ATL,714,3
ATL,MLU,448,29
MLU,ATL,448,20
TLH,ATL,223,55
CVG,MDT,429,30
JAN,CVG,555,1
DCA,HSV,613,34
AVL,CVG,275,5
CVG,OMA,614,38
ATL,GRB,774,25
ATL,FLO,273,12
ATL,HHH,239,25
ATL,CID,694,1
HSV,DCA,613,39
CVG,BTR,693,16
OMA,CVG,614,11
ATL,TOL,549,20
CVG,TUL,646,51
ACY,ATL,678,10
ATL,BTV,960,45
BTV,ATL,960,56
FSM,ATL,579,3
ATL,ISP,795,8
ATL,LYH,389,5
SGF,ATL,563,9
ATL,GTR,241,2
BMI,ATL,533,51
MCN,ATL,79,25
MDT,CVG,429,55
CHO,ATL,457,60
TOL,ATL,549,52
SBN,ATL,566,11
FLO,ATL,273,28
BQK,ATL,238,44
LGA,CAE,617,49
CVG,HSV,325,58
CVG,EWR,569,51
EWR,CVG,569,6
HSV,CVG,325,51
ATL,ACY,678,41
SCE,ATL,615,0
ATL,FSD,954,18
CVG,JAN,555,22
ATL,BGR,1134,7
MEM,MCO,683,13
PBI,DEN,1679,52
DEN,CAK,1224,33
CAK,DEN,1224,8
DEN,BDL,1671,27
FLL,MEM,851,37
MCO,MEM,683,59
DEN,JAX,1447,42
BDL,DEN,1671,0
DEN,SDF,1023,45
SDF,DEN,1023,42
JAX,DEN,1447,4
DEN,RSW,1606,49
MEM,FLL,851,17
DEN,PBI,1679,45
RSW,DEN,1606,21
LAS,HNL,2762,2
HNL,LAS,2762,41
HNL,SAN,2614,47
SMF,HNL,2462,53
HNL,SMF,2462,50
HNL,SEA,2677,1
HNL,PDX,2603,41
SEA,OGG,2640,60
OGG,SEA,2640,56
SAN,OGG,2541,8
OGG,SAN,2541,23
PDX,OGG,2562,60
OGG,PDX,2562,53
SJC,HNL,2416,40
HNL,SJC,2416,19
ITO,HNL,216,10
KOA,HNL,163,38
HNL,LIH,102,44
LIH,HNL,102,14
HNL,OGG,100,59
HNL,KOA,163,45
OGG,HNL,100,10
KOA,OGG,84,23
HNL,ITO,216,13
LIH,OGG,202,30
XNA,LAX,1371,18
LAX,XNA,1371,15
DFW,LAW,140,10
LAW,DFW,140,24
DFW,TYR,103,7
GRK,DFW,134,8
DFW,GRK,134,10
AEX,DFW,285,18
DFW,AEX,285,5
SPS,DFW,113,9
DFW,CLL,164,34
ABI,DFW,158,33
DFW,ABI,158,8
DFW,TXK,181,54
CLL,DFW,164,36
TYR,DFW,103,35
DFW,LFT,351,22
DFW,ACT,89,6
GGG,DFW,140,45
MLU,DFW,293,2
DFW,SPS,113,52
LFT,DFW,351,43
ACT,DFW,89,20
SJT,DFW,228,46
DFW,SJT,228,23
TXK,DFW,181,7
DFW,GGG,140,15
DFW,SHV,190,8
SHV,DFW,190,22
DFW,MLU,293,43
LRD,DFW,394,52
DFW,LRD,394,1
MOB,DFW,540,3
DFW,XNA,281,39
DFW,AMA,313,9
VPS,DFW,626,38
DFW,VPS,626,3
LIT,DFW,304,8
DFW,LIT,304,52
PIT,DFW,1068,56
DFW,PIT,1068,31
FSM,DFW,228,50
CID,DFW,685,12
DFW,FNT,1003,44
GPT,DFW,500,11
DFW,SGF,364,4
SGF,DFW,364,14
DFW,GPT,500,32
MSN,DFW,821,41
DFW,TYS,772,32
TYS,DFW,772,19
CAE,DFW,922,40
DFW,MAF,309,40
LBB,DFW,282,22
DFW,LBB,282,16
BTR,DFW,383,23
DFW,BTR,383,15
DFW,HSV,603,45
DFW,MOB,540,34
HOU,DFW,247,9
DFW,HOU,247,11
DFW,CAE,922,32
CRP,DFW,354,24
DFW,CRP,354,51
DFW,CLE,1021,15
ICT,DFW,328,19
DFW,ICT,328,4
MAF,DFW,309,26
AMA,DFW,313,19
DFW,PNS,604,4
PNS,DFW,604,57
XNA,DFW,281,30
PIA,DFW,673,29
CMI,DFW,693,12
DFW,CMI,693,20
CHA,DFW,695,39
DFW,FWA,859,53
DFW,CHA,695,46
CHS,DFW,987,47
DFW,SDF,733,12
DFW,CHS,987,22
SDF,DFW,733,46
DFW,FSM,228,10
DFW,SBA,1315,43
SBA,DFW,1315,30
HSV,DFW,603,53
DFW,JAN,408,47
DFW,CID,685,7
DFW,LEX,785,27
CLE,DFW,1021,20
JAN,DFW,408,23
GSP,DFW,862,14
LEX,DFW,785,10
OKC,DFW,175,0
GSO,DFW,999,14
DFW,GSO,999,26
DFW,PIA,673,41
DFW,OKC,175,22
FNT,DFW,1003,25
DFW,CMH,927,17
CMH,DFW,927,16
DFW,MKE,853,6
MKE,DFW,853,3
MDT,DFW,1232,5
DFW,DSM,624,19
DSM,DFW,624,29
DFW,ORF,1213,42
ORF,DFW,1213,42
TUL,DFW,237,23
DFW,TUL,237,40
DFW,MSN,821,59
DFW,EVV,642,26
GRR,DFW,931,52
DFW,GRR,931,59
ROW,DFW,435,56
DFW,ROW,435,37
SAV,DFW,925,60
DFW,SAV,925,20
DFW,GSP,862,58
MLI,DFW,691,44
FWA,DFW,859,13
EVV,DFW,642,50
DFW,MDT,1232,38
DFW,MLI,691,6
MTJ,DFW,722,41
DFW,MTJ,722,8
CMH,MIA,990,54
MIA,CMH,990,29
FNT,ORD,223,41
ORD,CMI,135,4
CMI,ORD,135,22
MIA,RIC,826,60
ORD,SHV,733,51
MOB,ORD,779,9
ORD,MOB,779,22
ORD,LIT,552,14
JFK,BWI,184,11
LIT,ORD,552,1
GRB,MQT,134,7
BWI,JFK,184,44
ORD,EVV,273,9
MIA,CVG,948,60
EVV,ORD,273,52
ORD,RST,268,7
RST,ORD,268,0
MQT,ORD,303,33
ORD,MQT,303,4
ORD,CHA,501,49
ORD,LSE,215,54
LSE,ORD,215,21
ORD,FNT,223,45
ORD,DBQ,147,59
ORD,GPT,800,42
GPT,ORD,800,38
JAN,ORD,677,52
ORD,JAN,677,26
ORD,GSP,577,13
MKE,MQT,236,32
MQT,MKE,236,53
CHA,ORD,501,9
GSP,ORD,577,47
ORD,JFK,740,9
MIA,IND,1021,10
IND,MIA,1021,27
MIA,GSO,710,52
ORF,MIA,802,33
MIA,ORF,802,26
DBQ,ORD,147,0
HSV,ORD,510,41
ORD,BTR,810,58
RIC,MIA,826,11
MIA,MEM,860,22
PIT,MIA,1013,3
ORD,HSV,510,11
TOL,ORD,214,45
PIT,JFK,340,37
JFK,PIT,340,37
ORD,PNS,794,52
GSO,MIA,710,45
PNS,ORD,794,11
ORD,TOL,214,15
MIA,PIT,1013,38
CVG,MIA,948,30
MIA,SDF,911,0
SDF,MIA,911,49
BTR,ORD,810,35
JFK,ORD,740,16
MQT,GRB,134,17
CLE,JFK,425,43
JFK,CLE,425,50
ORD,VPS,800,60
VPS,ORD,800,1
MEM,MIA,860,12
SHV,ORD,733,20
XNA,MIA,1100,60
MIA,XNA,1100,4
RDU,JAX,408,1
JAX,RDU,408,11
CLE,MIA,1080,47
MIA,CLE,1080,42
BOS,RDU,612,23
RDU,SDF,416,42
SDF,RDU,416,3
CMH,BOS,640,12
RDU,JFK,426,51
BOS,CMH,640,55
RDU,XNA,868,6
XNA,RDU,868,59
RDU,BOS,612,49
DCA,BNA,562,42
BNA,DCA,562,25
XNA,DCA,963,53
DCA,XNA,963,37
DCA,RDU,227,41
RDU,DCA,227,36
EWR,RDU,416,24
RDU,EWR,416,37
BDL,RDU,532,22
JFK,RDU,426,17
RDU,BDL,532,50
CMH,RDU,361,17
RDU,CMH,361,9
RDU,MCI,904,50
MCI,RDU,904,12
LGA,RDU,431,31
BNA,STL,271,40
STL,JFK,892,17
SGF,STL,195,58
STL,BNA,271,16
RDU,LGA,431,18
JFK,STL,892,51
STL,SGF,195,11
DCA,JFK,213,10
JFK,DCA,213,14
DSM,LGA,1031,30
LGA,DSM,1031,42
LGA,XNA,1147,57
CLE,LGA,418,0
MSN,LGA,812,32
LGA,SDF,658,46
SDF,LGA,658,24
LGA,DTW,501,10
LGA,MSN,812,8
XNA,LGA,1147,6
LGA,CMH,478,14
CMH,LGA,478,14
FNT,LGA,530,27
LGA,FNT,530,46
DTW,LGA,501,23
LGA,CLE,418,13
MEM,LGA,963,53
LGA,MEM,963,29
DFW,HNL,3784,24
OGG,DFW,3711,5
DFW,OGG,3711,33
HNL,DFW,3784,12
SAN,JFK,2446,46
LAX,MIA,2342,10
BOS,SAN,2588,16
SAN,BOS,2588,18
LAX,SJU,3386,26
SJU,LAX,3386,38
MIA,LAX,2342,56
SEA,JFK,2421,5
SFO,MIA,2585,51
DFW,MCO,984,39
ORD,MIA,1197,28
MIA,ORD,1197,30
DFW,RDU,1062,5
DFW,TPA,929,57
SAT,DFW,247,10
DFW,BWI,1217,57
RSW,DFW,1017,18
DFW,RSW,1017,36
TUS,DFW,813,49
DFW,STL,551,1
DFW,DCA,1192,37
ABQ,DFW,569,60
DFW,BHM,597,10
DFW,BNA,631,3
IAH,DFW,224,33
DFW,BDL,1471,15
RIC,DFW,1158,14
OMA,DFW,583,23
DCA,DFW,1192,20
DFW,FAT,1313,3
ELP,ORD,1236,34
STL,DFW,551,31
BUR,DFW,1231,55
DFW,MCI,460,27
DFW,ONT,1189,13
BDL,DFW,1471,16
DFW,SAT,247,9
IND,DFW,762,11
EWR,DFW,1372,6
DFW,ABQ,569,10
SJU,TPA,1237,54
DFW,SNA,1205,53
DFW,ELP,551,3
JFK,DFW,1391,38
DFW,MFE,468,54
JAX,DFW,919,23
DFW,TUS,813,1
RDU,DFW,1062,14
DFW,JFK,1391,25
SAN,DFW,1171,23
STL,SAN,1558,19
MIA,DTW,1145,38
MIA,DFW,1121,21
STL,RDU,667,7
MIA,MCO,193,37
ELP,DFW,551,42
MIA,BNA,806,33
DFW,AUS,190,26
MEM,DFW,432,36
AUS,DFW,190,16
ORD,ELP,1236,38
DFW,BOS,1562,37
MIA,SFO,2585,48
DFW,FLL,1119,51
DCA,MIA,920,19
DFW,OMA,583,52
ONT,DFW,1189,8
MIA,MSY,674,29
DFW,MSP,852,47
MIA,BOS,1258,5
DFW,PDX,1616,12
STL,ORD,258,58
MSY,LGA,1183,2
DFW,SAN,1171,27
FAT,DFW,1313,28
FLL,DFW,1119,58
SEA,DFW,1660,5
SJU,MCO,1189,18
DFW,IND,762,51
DFW,MIA,1121,12
DFW,JAX,919,18
PSP,DFW,1126,52
DFW,BUR,1231,34
DTW,DFW,987,32
PBI,DFW,1103,52
PHX,MIA,1972,19
SJC,AUS,1476,55
DFW,MSY,448,40
DFW,COS,592,17
TPA,SJU,1237,32
DCA,STL,719,9
DFW,SJC,1438,52
BOS,MIA,1258,49
PDX,DFW,1616,42
DFW,DTW,987,16
MIA,DCA,920,53
MSY,MIA,674,47
DFW,SEA,1660,30
ORD,PSP,1652,30
DFW,EWR,1372,15
MIA,STL,1068,31
SJU,EWR,1608,11
SJU,MIA,1045,36
MIA,LGA,1097,3
LGA,MIA,1097,35
FLL,SJU,1046,22
DFW,SJU,2165,22
MFE,DFW,468,50
RNO,DFW,1345,13
SMF,DFW,1431,38
BWI,DFW,1217,56
SJU,DFW,2165,30
MIA,SJU,1045,18
DFW,RIC,1158,39
JFK,STT,1623,55
DFW,DAY,861,32
TPA,DFW,929,49
BNA,DFW,631,27
STT,MIA,1107,27
RDU,MIA,700,7
SJC,DFW,1438,24
MIA,IAH,964,56
MSP,DFW,852,52
MIA,EWR,1086,36
DFW,LGA,1389,28
DFW,PSP,1126,45
LGA,DFW,1389,32
TUS,ORD,1437,24
MIA,TPA,204,14
MSY,DFW,448,21
RSW,ORD,1120,25
MIA,STT,1107,43
MIA,STX,1139,15
MSP,MIA,1501,27
SJU,BWI,1565,6
STL,BOS,1046,49
PSP,ORD,1652,19
MIA,RDU,700,1
MCI,DFW,460,10
STL,LGA,887,54
STT,BOS,1693,5
MCO,SJU,1189,47
MCO,MIA,193,51
BOS,STT,1693,39
STL,DCA,719,30
SAT,STL,786,1
MCO,DFW,984,60
BNA,MIA,806,6
MIA,BWI,946,26
DFW,IAH,224,12
OAK,DFW,1456,37
MIA,PHX,1972,18
COS,DFW,592,40
TPA,MIA,204,15
AUS,SJC,1476,56
BOS,DFW,1562,20
SNA,DFW,1205,9
BWI,MIA,946,50
STL,SFO,1736,32
RDU,AUS,1162,9
DFW,RNO,1345,0
SAN,STL,1558,15
IAD,DFW,1172,48
BNA,LGA,764,51
ORD,ABQ,1118,6
SNA,STL,1570,28
DFW,SMF,1431,15
LGA,BNA,764,47
EWR,SJU,1608,25
MSP,LGA,1020,53
LGA,MSP,1020,49
MIA,BDL,1194,15
AUS,RDU,1162,5
DFW,MEM,432,44
DAY,DFW,861,40
SFO,STL,1736,44
STX,MIA,1139,23
IAH,MIA,964,21
DFW,OAK,1456,37
DFW,IAD,1172,16
SJU,BDL,1666,20
ORD,TUS,1437,8
STL,RSW,979,42
BDL,SJU,1666,16
SEA,STL,1710,40
BHM,DFW,597,38
AUS,SNA,1209,55
RDU,STL,667,2
ORD,RNO,1671,2
ORD,RSW,1120,35
DFW,PBI,1103,1
ABQ,ORD,1118,27
BOS,STL,1046,20
STL,AUS,722,12
STL,SEA,1710,60
SNA,AUS,1209,15
EWR,MIA,1086,6
AUS,STL,722,13
RNO,ORD,1671,44
LGA,STL,887,31
STL,MIA,1068,42
MIA,LAS,2175,4
BWI,SJU,1565,27
SJU,FLL,1046,16
SJU,STT,68,60
BDL,MIA,1194,44
MIA,MSP,1501,29
IAD,MIA,921,1
DFW,EGE,720,41
EGE,DFW,720,55
HDN,DFW,769,38
DFW,HDN,769,38
RSW,STL,979,32
EGE,ORD,1007,25
DFW,GUC,678,11
JAC,DFW,1046,47
ORD,EGE,1007,9
EGE,LAX,748,33
LAX,EGE,748,11
DFW,JAC,1046,24
GUC,DFW,678,47
MIA,EGE,1811,39
LGA,EGE,1739,41
EGE,LGA,1739,14
EGE,EWR,1725,56
EWR,EGE,1725,10
EGE,MIA,1811,39
MTJ,ORD,1081,58
DTW,MIA,1145,9
SAN,SEA,1050,16
SEA,SAN,1050,38
SEA,PSP,987,3
KTN,SIT,183,38
JNU,ANC,571,27
PSP,SEA,987,49
SIT,JNU,95,43
SEA,BUR,937,0
SEA,LGB,965,48
BUR,SEA,937,7
ORD,ANC,2846,39
SEA,JNU,909,51
LGB,SEA,965,17
ONT,SEA,956,9
BOS,PDX,2537,1
PSG,JNU,123,26
ANC,CDV,160,12
JNU,PSG,123,6
CDV,YAK,213,6
JNU,SEA,909,6
YAK,JNU,199,12
SEA,DCA,2329,44
PDX,SAN,933,35
MCO,SEA,2553,21
SEA,ANC,1449,4
SEA,SNA,978,10
DCA,SEA,2329,32
SAN,PDX,933,36
MCO,PDX,2534,51
SEA,EWR,2401,33
ANC,SEA,1449,6
EWR,SEA,2401,35
ONT,PDX,838,9
LAX,DCA,2311,44
PDX,ANC,1542,59
SEA,ONT,956,55
SEA,KTN,680,24
SEA,MIA,2724,46
PDX,ONT,838,57
PDX,SNA,859,19
TUS,SEA,1216,47
ANC,FAI,261,45
HNL,ANC,2777,20
JNU,SIT,95,47
JNU,YAK,199,6
ANC,ORD,2846,52
PSP,PDX,873,52
SEA,TUS,1216,47
MIA,SEA,2724,11
PDX,PSP,873,37
SEA,FAI,1533,20
BET,ANC,399,46
BRW,FAI,503,47
SCC,BRW,204,47
FAI,ANC,261,14
FAI,BRW,503,26
SNA,PDX,859,18
KTN,SEA,680,25
ANC,OTZ,549,16
SEA,MCO,2553,54
SIT,KTN,183,36
PDX,MCO,2534,35
SNA,SEA,978,26
BOS,SEA,2496,59
CDV,ANC,160,56
BRW,ANC,725,6
YAK,CDV,213,27
ANC,BET,399,57
ANC,PDX,1542,29
ANC,ADQ,252,50
ADQ,ANC,252,44
ANC,JNU,571,25
KTN,WRG,82,42
WRG,PSG,31,26
JNU,KTN,234,25
BUR,PDX,817,55
OME,ANC,539,6
FAI,SCC,373,31
FAI,SEA,1533,19
PDX,BUR,817,33
PSG,WRG,31,57
SEA,BOS,2496,25
SCC,ANC,626,15
OTZ,ANC,549,48
OME,OTZ,183,2
ANC,OME,539,12
KTN,JNU,234,25
WRG,KTN,82,17
ANC,SCC,626,38
PDX,BOS,2537,60
ANC,HNL,2777,20
LIH,SEA,2701,9
SEA,LIH,2701,19
OTZ,OME,183,22
DCA,LAX,2311,46
ANC,ADK,1192,25
ADK,ANC,1192,15
BNA,JFK,766,0
BOS,AUS,1698,36
BOS,OAK,2693,54
BOS,RIC,474,37
BTV,JFK,267,48
BUF,BOS,396,10
BUF,FLL,1166,50
BUF,JFK,301,57
CLT,JFK,541,12
EWR,FLL,1065,4
EWR,MCO,938,0
EWR,PBI,1024,25
FLL,BUF,1166,11
FLL,EWR,1065,55
FLL,HPN,1098,29
FLL,LGB,2327,22
FLL,OAK,2575,33
FLL,PSE,1032,24
FLL,RIC,805,56
FLL,SWF,1119,23
FLL,SYR,1197,11
HPN,MCO,972,56
HPN,PBI,1057,51
IAD,JFK,228,53
JAX,JFK,829,46
JFK,AUS,1522,16
JFK,BNA,766,31
JFK,BUF,301,4
JFK,CLT,541,30
JFK,CMH,483,24
JFK,DEN,1626,47
JFK,IAD,228,31
JFK,JAX,829,51
JFK,LGB,2465,33
JFK,MSY,1182,1
JFK,PBI,1028,41
JFK,PWM,274,5
JFK,ROC,264,20
JFK,RSW,1074,40
JFK,SMF,2521,19
JFK,SRQ,1041,3
JFK,SYR,209,2
LAS,LGB,231,3
LGB,JFK,2465,21
LGB,OAK,353,37
LGB,ORD,1735,41
LGB,SMF,387,3
MCO,BQN,1129,10
MCO,EWR,938,43
MCO,HPN,972,49
MCO,ROC,1033,9
MCO,SWF,989,55
MCO,SYR,1053,15
MSY,JFK,1182,53
OAK,FLL,2575,37
OAK,LGB,353,37
ORD,LGB,1735,2
PBI,EWR,1024,13
PBI,HPN,1057,27
PBI,JFK,1028,34
PIT,BOS,496,7
PSE,MCO,1180,51
PWM,JFK,274,7
RIC,FLL,805,56
RIC,JFK,288,29
ROC,JFK,264,51
RSW,EWR,1068,8
RSW,JFK,1074,29
SMF,LGB,387,28
SRQ,JFK,1041,20
SWF,FLL,1119,22
SWF,MCO,989,0
SYR,JFK,209,47
TPA,EWR,998,13
AUS,JFK,1522,13
BOS,BUF,396,58
BQN,MCO,1129,57
CMH,JFK,483,57
HOU,JFK,1428,20
HPN,FLL,1098,49
JFK,BQN,1576,13
JFK,BTV,267,51
JFK,BUR,2465,17
JFK,HOU,1428,37
JFK,ONT,2430,55
JFK,PDX,2454,0
JFK,RIC,288,53
LGB,FLL,2327,2
LGB,IAD,2277,43
MCO,PSE,1180,55
OAK,BOS,2693,1
OAK,JFK,2576,45
SMF,JFK,2521,31
SYR,MCO,1053,42
TUS,JFK,2136,41
BOS,LGB,2602,10
JFK,PSE,1617,6
ONT,JFK,2430,34
PSE,FLL,1032,60
RIC,BOS,474,12
BQN,JFK,1576,1
BUR,JFK,2465,36
EWR,TPA,998,53
IAD,LGB,2277,58
JFK,OAK,2576,44
LGB,LAS,231,37
PSE,JFK,1617,30
BOS,SJC,2689,45
LGB,BOS,2602,37
ROC,MCO,1033,48
SJC,BOS,2689,19
TPA,BOS,1185,12
BUF,RSW,1144,47
HPN,RSW,1102,55
RSW,BUF,1144,6
JFK,TUS,2136,32
MCO,BTV,1195,38
PWM,MCO,1214,29
RSW,HPN,1102,6
SYR,FLL,1197,32
MCO,PWM,1214,42
BTV,MCO,1195,43
AUS,BOS,1698,23
SJC,JFK,2569,10
JFK,SJC,2569,46
LAX,JAX,2153,45
JAX,LAX,2153,6
LAX,RDU,2239,2
CMH,LAX,1996,17
LAX,CMH,1996,50
CVG,SNA,1877,31
ATL,BZN,1641,25
BZN,ATL,1641,43
SNA,CVG,1877,43
STX,ATL,1638,18
SLC,LGA,1982,12
CVG,JFK,589,13
EGE,CVG,1189,0
CVG,EGE,1189,18
LAS,LIT,1295,5
JAX,IND,688,20
LIT,PHX,1136,18
BDL,LAS,2298,6
OKC,BWI,1180,47
RDU,FLL,680,41
SMF,MCI,1442,37
ABQ,BWI,1670,16
FLL,RDU,680,10
XNA,SGF,84,27
MCI,EWR,1092,14
FAR,MCI,536,9
DRO,ABQ,159,43
GRB,DEN,905,49
GRB,SDF,453,2
ATW,DSM,321,25
GRB,MKE,107,15
ATW,MKE,96,36
MRY,DEN,960,4
HSV,TUS,1405,47
DSM,LAX,1447,36
BFL,DEN,845,7
ATL,ASE,1304,56
LAX,DSM,1447,16
MFR,SBA,572,6
CPR,DEN,230,23
ANC,DEN,2406,60
DEN,ANC,2406,49
IAD,TUS,1933,32
TUS,IAD,1933,33
DEN,LIH,3414,60
DEN,KOA,3329,47
ABE,CLT,481,20
CLT,STL,575,23
PHL,ORF,211,35
EGE,CLT,1455,10
DCA,MHT,407,50
MHT,DCA,407,57
DCA,PIT,205,16
MDT,CLT,413,31
CLT,DAB,416,45
RSW,PIT,966,59
SRQ,DCA,851,4
LGA,HDN,1742,22
HDN,LGA,1742,56
BWI,CVG,430,10
ABQ,CVG,1240,31
BOS,SRQ,1220,51
SRQ,BOS,1220,36
LGA,SRQ,1047,55
SRQ,LGA,1047,27
CVG,SGF,491,16
ATL,MDW,590,60
MDW,ATL,590,28
BTR,DEN,997,49
ITO,OGG,121,23
OGG,ITO,121,6
STL,SNA,1570,34
STL,SAT,786,15
ORD,MTJ,1081,60
EWR,RSW,1068,26
SWF,PBI,1077,39
HDN,JFK,1749,33
MCO,OMA,1210,40
MCO,TUL,1005,36
DAL,HRL,458,9
FLL,MHT,1263,41
HRL,DAL,458,7
RNO,ONT,394,4
PHL,AUS,1430,20
PHL,SAT,1495,22
STL,PHL,813,32
PHL,STL,813,16
SAT,PHL,1495,56
AUS,PHL,1430,51
MKE,ATW,96,55
MKE,STL,317,56
STL,MKE,317,55
MKE,DAY,284,47
DAY,MKE,284,28
MKE,GRR,120,23
GRR,MKE,120,60
BNA,MKE,475,3
MKE,FNT,211,58
FNT,MKE,211,53
MKE,BNA,475,19
AUS,MSY,445,13
ASE,ATL,1304,27
GJT,ASE,89,36
TUL,ASE,636,36
GJT,LAX,656,8
COS,CLE,1221,44
AUS,DSM,813,15
ORF,BOI,2144,23
SGF,BNA,380,14
TVC,MSN,217,59
LNK,PIA,371,12
MCI,MKE,436,12
ICT,SLC,808,25
DEN,CPR,230,18
LIH,DEN,3414,51
CLT,STX,1562,30
LGA,STT,1634,18
STT,LGA,1634,57
PDX,PHL,2406,10
CVG,JAC,1386,32
JAC,CVG,1386,59
CVG,GRR,268,34
ATL,LAW,804,31
LAW,ATL,804,38
GRR,CVG,268,21
CVG,CID,419,39
TYS,CVG,226,37
PDX,HNL,2603,50
MIA,TLH,403,51
TLH,MIA,403,9
PBI,SWF,1077,17
BOS,JAX,1011,17
JAX,BOS,1011,43
MHT,FLL,1263,35
OKC,MCO,1068,18
MKE,SDF,348,50
SDF,MKE,348,57
MKE,MKG,85,18
MKG,GRR,41,47
MKG,MKE,85,50
MKE,IND,238,37
MKE,CWA,154,52
MKE,GRB,107,18
MKE,DSM,311,51
MKE,CLE,328,51
CLE,MKE,328,8
CWA,MKE,154,9
IAH,SAT,191,60
IND,MKE,238,56
DSM,MKE,311,49
RAP,ORD,780,53
SDF,SLC,1408,39
ORD,RAP,780,10
CDC,LAX,395,57
DCA,SRQ,851,53
IND,PHL,587,57
CVG,SDF,83,0
CVG,BNA,230,5
PVD,CVG,722,47
BNA,CVG,230,22
CVG,PVD,722,56
CVG,LEX,70,9
SGF,CVG,491,21
CLT,CVG,335,21
CVG,CLT,335,45
SDF,CVG,83,20
LEX,CVG,70,44
CVG,MKE,318,42
DFW,GJT,772,45
GJT,DFW,772,57
ROC,DFW,1266,58
DFW,ROC,1266,31
SYR,DFW,1337,35
DFW,SYR,1337,55
BNA,IAD,542,45
AUS,SEA,1770,30
SEA,AUS,1770,54
LAX,ANC,2345,54
DLG,ANC,329,16
AKN,DLG,71,53
ANC,AKN,289,12
AUS,OAK,1497,12
ONT,RNO,394,0
LAS,JAX,1965,23
BNA,ORF,585,19
FLL,AUS,1105,38
SLC,SDF,1408,31
MKG,FNT,127,57
AZO,FAR,642,9
OMA,BHM,732,5
CLT,SDF,336,2
SDF,CLT,336,23
CVG,ANC,3110,19
ANC,CVG,3110,1
ATL,ANC,3417,28
CHO,CVG,342,17
CVG,XNA,561,5
AZO,CVG,225,20
CVG,AZO,225,54
TRI,CVG,216,12
CVG,ABE,503,1
XNA,CVG,561,57
CVG,CHO,342,56
CVG,LIT,513,18
LIT,CVG,513,20
TLH,TPA,200,13
CVG,TRI,216,53
PFN,MCO,290,11
MCO,PFN,290,0
MCO,PNS,380,34
PNS,MCO,380,28
MKE,CVG,318,60
HSV,MCO,535,57
MCO,HSV,535,59
MCO,TYS,532,7
TYS,MCO,532,35
MCO,TLH,227,33
ATL,LWB,369,13
LWB,ATL,369,20
TLH,MCO,227,34
CVG,BHM,396,10
TPA,TLH,200,55
CVG,EVV,170,11
ABE,CVG,503,55
EVV,CVG,170,33
EYW,MCO,268,41
MCO,EYW,268,46
MCO,RIC,667,43
RIC,MCO,667,24
DFW,ANC,3043,9
ANC,DFW,3043,45
ANC,LAX,2345,12
LGB,AUS,1226,27
MSY,BOS,1367,22
AUS,LGB,1226,48
BOS,MSY,1367,28
IAD,BUR,2279,22
LGB,SJC,324,2
SJC,LGB,324,25
BUR,IAD,2279,41
AUS,FLL,1105,41
ORF,BNA,585,58
OAK,AUS,1497,49
SLC,ACV,635,22
ACV,SLC,635,46
DEN,HLN,594,17
HLN,DEN,594,5
FCA,ORD,1352,32
MSO,ORD,1332,58
BIL,ORD,1060,12
ORD,BIL,1060,47
MCI,LNK,152,34
CID,MKE,208,49
ORD,CPR,949,22
ORD,FCA,1352,3
CPR,ORD,949,60
COD,DEN,392,14
OKC,BMI,589,58
GRB,GTF,1133,11
TVC,DEN,1031,27
SLC,WYS,273,13
DEN,COD,392,20
RIC,ORF,75,5
FCA,SFO,844,4
XNA,MEM,258,19
ORD,MSO,1332,3
WYS,SLC,273,60
GTF,ORD,1210,26
LAX,TUL,1283,53
TUL,LAX,1283,32
ORD,GTF,1210,60
SFO,ANC,2018,35
ANC,SFO,2018,17
CLT,SMF,2244,42
CLT,PDX,2282,40
CLT,TUS,1735,36
DCA,IND,499,8
IND,DCA,499,22
SMF,PHL,2458,30
SMF,CLT,2244,60
PDX,CLT,2282,48
PHL,SMF,2458,23
TUS,CLT,1735,25
ATL,BOI,1838,49
ANC,ATL,3417,56
ATL,STX,1638,18
FCA,ATL,1841,54
SLC,FAI,2184,5
FAI,SLC,2184,38
ILM,CVG,500,54
ALB,CVG,623,32
CVG,ALB,623,14
CVG,MCI,539,55
CVG,ORF,485,44
ORF,CVG,485,51
CVG,JAX,614,33
FLL,PNS,525,17
PNS,FLL,525,18
JAX,CVG,614,13
FLL,TLH,393,39
TLH,FLL,393,33
TPA,PNS,330,47
CVG,SYR,527,41
CVG,MHT,741,32
CVG,IAD,388,26
PNS,TPA,330,4
CVG,DTW,229,3
CID,CVG,419,11
CVG,SAT,1024,27
MHT,CVG,741,19
CVG,AVP,499,31
CLE,CVG,221,58
CVG,TYS,226,37
CVG,GSP,317,22
CVG,CLE,221,32
CVG,ROC,461,41
IAH,CVG,871,25
CVG,IAH,871,52
MCO,AVL,488,36
AVL,MCO,488,25
ITO,KOA,64,9
DFW,BUF,1212,9
BUF,DFW,1212,48
MIA,JAX,334,50
JAX,MIA,334,19
LGA,TVC,655,50
TVC,LGA,655,30
